filename,num_points,x_min,x_max,x_range,y_min,y_max,y_range,z_min,z_max,z_range
boundary_1,8846052,-0.76519305,3.9384642,4.703657,-1.0102158,1.0102158,2.0204315,-0.317597,1.1951398,1.5127368
boundary_10,8420363,-0.91363704,3.8930795,4.8067164,-0.9481339,0.9481339,1.8962678,-0.317597,1.1282622,1.4458592
boundary_100,8265534,-0.8362974,3.7618725,4.59817,-0.9733514,0.9733514,1.9467028,-0.317597,0.9976089,1.3152059
boundary_101,8278884,-0.8624538,4.002305,4.864759,-0.9373474,0.93734735,1.8746948,-0.317597,1.1144055,1.4320025
boundary_102,9467532,-0.7516311,3.9190056,4.6706367,-1.0651096,1.0651095,2.130219,-0.317597,1.1421376,1.4597347
boundary_103,8828984,-0.8076557,3.7550278,4.5626836,-0.97742987,0.97742987,1.9548597,-0.317597,1.1752931,1.4928901
boundary_104,8255031,-0.91679305,3.8393295,4.7561226,-1.0879033,1.0879033,2.1758065,-0.317597,1.0494624,1.3670595
boundary_105,8404537,-0.8197065,3.9533274,4.773034,-1.0782983,1.0782983,2.1565967,-0.317597,1.2490138,1.5666108
boundary_106,8498612,-0.9303936,3.8804142,4.8108077,-0.998801,0.998801,1.997602,-0.317597,1.0956832,1.4132802
boundary_107,7581460,-0.7654695,3.7175267,4.482996,-0.9130538,0.9130538,1.8261076,-0.317597,1.0109763,1.3285733
boundary_108,9630167,-0.87571895,3.80121,4.676929,-1.0382892,1.0382892,2.0765784,-0.317597,1.1613431,1.4789401
boundary_109,9291795,-0.90409565,3.6404796,4.544575,-0.98775697,0.98775697,1.9755139,-0.317597,0.9786835,1.2962805
boundary_11,7795562,-0.7520339,3.739587,4.491621,-1.0994779,1.0994779,2.1989558,-0.317597,1.1256167,1.4432137
boundary_110,7910810,-0.79280865,3.9567964,4.749605,-1.1137586,1.1137586,2.2275171,-0.317597,1.1301861,1.4477831
boundary_111,8752528,-0.85163784,3.8033829,4.6550207,-1.0271683,1.0271683,2.0543365,-0.317597,1.0446272,1.3622242
boundary_112,8518400,-0.73900986,3.8775766,4.6165867,-0.9627952,0.9627952,1.9255904,-0.317597,1.2132902,1.5308872
boundary_113,8930629,-0.8006779,4.0613537,4.8620315,-1.0377218,1.0377218,2.0754435,-0.317597,1.0762081,1.3938051
boundary_114,8266510,-0.9082155,3.7354918,4.6437073,-0.9742535,0.9742535,1.948507,-0.317597,1.1024681,1.4200652
boundary_115,8116353,-0.7465284,3.5822902,4.3288183,-1.0772824,1.0772824,2.1545649,-0.317597,1.1180313,1.4356283
boundary_116,9293473,-0.8552474,3.8982604,4.7535076,-1.0144641,1.0144641,2.0289283,-0.317597,1.1679698,1.4855669
boundary_117,8233084,-0.88244,3.7375839,4.6200237,-0.9630889,0.9630889,1.9261779,-0.317597,1.0838479,1.4014449
boundary_118,8756060,-0.77395606,3.821338,4.595294,-1.0889056,1.0889056,2.1778111,-0.317597,1.1354162,1.4530132
boundary_119,10018322,-0.82750696,3.6585646,4.4860716,-1.002035,1.002035,2.00407,-0.317597,1.0686964,1.3862934
boundary_12,9381788,-0.8603969,3.813359,4.673756,-1.0199496,1.0199496,2.039899,-0.317597,1.0185556,1.3361527
boundary_120,7487265,-0.9418543,3.9744537,4.916308,-0.9232926,0.9232925,1.846585,-0.317597,1.0453281,1.3629252
boundary_121,8065493,-0.84099936,4.0996213,4.9406204,-1.1028155,1.1028155,2.205631,-0.317597,1.140298,1.457895
boundary_122,9656835,-0.7327587,3.7834144,4.516173,-1.023531,1.023531,2.047062,-0.317597,1.0711684,1.3887655
boundary_123,8206893,-0.7871903,3.6202168,4.4074073,-0.95188415,0.95188415,1.9037683,-0.317597,1.1811718,1.4987688
boundary_124,8811561,-0.8968114,3.9369206,4.833732,-1.0633508,1.0633508,2.1267016,-0.317597,1.0567436,1.3743407
boundary_125,9590518,-0.9221111,3.776142,4.698253,-1.0278668,1.0278668,2.0557337,-0.317597,1.1481133,1.4657103
boundary_126,7889872,-0.81402445,3.8600311,4.6740556,-0.94827574,0.94827574,1.8965515,-0.317597,1.1225764,1.4401734
boundary_127,8112595,-0.8687331,3.69672,4.565453,-1.0990489,1.0990489,2.1980977,-0.317597,1.0381985,1.3557955
boundary_128,8645148,-0.760829,4.0224266,4.7832556,-0.987783,0.987783,1.975566,-0.317597,1.0878893,1.4054863
boundary_129,8193988,-0.7678351,4.0170913,4.7849264,-1.1161376,1.1161376,2.2322752,-0.317597,1.2111189,1.528716
boundary_13,8466011,-0.887001,3.6529348,4.5399356,-0.9841777,0.9841777,1.9683554,-0.317597,1.1103328,1.4279299
boundary_130,9113884,-0.8775395,3.6908026,4.568342,-0.99017024,0.99017024,1.9803405,-0.317597,1.0592552,1.3768523
boundary_131,8191680,-0.9311825,3.770342,4.7015247,-0.95021784,0.95021784,1.9004357,-0.317597,0.993179,1.310776
boundary_132,8941177,-0.82220507,3.8538113,4.6760163,-1.0290062,1.0290062,2.0580125,-0.317597,1.144167,1.461764
boundary_133,9990091,-0.849155,4.093633,4.942788,-1.0255531,1.0255531,2.0511062,-0.317597,1.0857917,1.4033887
boundary_134,7431903,-0.73931307,3.7671568,4.5064697,-0.9141479,0.9141479,1.8282958,-0.317597,1.1118225,1.4294195
boundary_135,8769009,-0.7954879,3.613633,4.4091206,-1.0645684,1.0645684,2.1291368,-0.317597,1.0275004,1.3450974
boundary_136,8430162,-0.90329367,3.930213,4.8335066,-1.0015724,1.0015724,2.0031447,-0.317597,1.1778486,1.4954456
boundary_137,8337693,-0.8086889,4.054926,4.863615,-0.9752442,0.9752442,1.9504884,-0.317597,1.0974942,1.4150913
boundary_138,8772663,-0.92000157,3.7286978,4.6486993,-1.0551407,1.0551407,2.1102815,-0.317597,1.2236016,1.5411986
boundary_139,9467204,-0.7518035,3.8078632,4.5596666,-1.0150177,1.0150177,2.0300355,-0.317597,1.1572901,1.4748871
boundary_14,8569109,-0.779572,3.7360582,4.5156302,-1.0640318,1.0640318,2.1280637,-0.317597,1.142182,1.459779
boundary_140,7857946,-0.8628112,3.8920622,4.7548733,-1.0791583,1.0791583,2.1583166,-0.317597,1.0320574,1.3496544
boundary_141,8242575,-0.8895392,3.7317624,4.6213017,-1.0907196,1.0907196,2.1814392,-0.317597,1.1054666,1.4230636
boundary_142,8703299,-0.78243655,3.8146114,4.597048,-0.96445155,0.9644515,1.9289031,-0.317597,0.98070246,1.2982994
boundary_143,8025836,-0.8356508,3.6525276,4.4881783,-0.93925464,0.93925464,1.8785093,-0.317597,1.190594,1.508191
boundary_144,9152038,-0.72511345,3.9688299,4.6939435,-1.0505705,1.0505705,2.101141,-0.317597,1.0663679,1.3839649
boundary_145,7898091,-0.7872527,3.9100769,4.6973295,-0.95094955,0.95094955,1.9018991,-0.317597,1.1043942,1.4219912
boundary_146,9462024,-0.8975706,3.835979,4.7335496,-1.0144316,1.0144316,2.0288632,-0.317597,1.0541283,1.3717253
boundary_147,8326615,-0.7334527,3.6728814,4.406334,-0.9899987,0.9899987,1.9799974,-0.317597,1.1637161,1.4813131
boundary_148,8345033,-0.84168345,3.9885972,4.830281,-1.054121,1.054121,2.108242,-0.317597,1.1390266,1.4566237
boundary_149,9007169,-0.8706979,3.59556,4.466258,-1.0655762,1.0655762,2.1311524,-0.317597,1.1136901,1.4312872
boundary_15,9806678,-0.8328198,3.8161936,4.6490135,-1.0238798,1.0238798,2.0477595,-0.317597,1.176784,1.4943811
boundary_150,8208623,-0.7602076,3.9126394,4.672847,-0.9400403,0.9400403,1.8800806,-0.317597,1.0861204,1.4037174
boundary_151,7754537,-0.81401247,3.749531,4.5635433,-1.0897615,1.0897615,2.179523,-0.317597,1.020367,1.337964
boundary_152,9533036,-0.9259097,3.832747,4.7586565,-1.0258489,1.0258489,2.0516977,-0.317597,1.0710527,1.3886497
boundary_153,8517270,-0.82906544,3.9478514,4.776917,-1.000256,1.000256,2.000512,-0.317597,1.0933163,1.4109133
boundary_154,8388530,-0.93837434,3.874104,4.8124785,-1.0794251,1.0794251,2.1588502,-0.317597,1.1174147,1.4350117
boundary_155,9439136,-0.7738078,3.7111285,4.484936,-1.040373,1.040373,2.080746,-0.317597,1.1323376,1.4499346
boundary_156,8289023,-0.88385457,3.7946055,4.67846,-0.97631145,0.97631145,1.9526229,-0.317597,1.183044,1.500641
boundary_157,7371468,-0.91077673,3.6348712,4.545648,-0.924873,0.924873,1.849746,-0.317597,1.1007938,1.4183909
boundary_158,10106420,-0.80068266,3.9509869,4.7516694,-1.0046651,1.0046651,2.0093303,-0.317597,1.1505722,1.4681692
boundary_159,8307379,-0.85408556,3.7882757,4.642361,-0.96454483,0.96454483,1.9290897,-0.317597,1.0845788,1.4021758
boundary_16,7959768,-0.7224471,3.889994,4.612441,-0.9453532,0.9453532,1.8907064,-0.317597,1.0535808,1.3711778
boundary_160,8559016,-0.7468044,3.8715591,4.6183634,-1.075792,1.075792,2.151584,-0.317597,1.059021,1.376618
boundary_161,7921509,-0.77636576,4.0794616,4.8558273,-1.0968626,1.0968626,2.193725,-0.317597,1.0884868,1.4060838
boundary_162,9937338,-0.8872139,3.763035,4.650249,-1.0335094,1.0335094,2.0670187,-0.317597,1.0943483,1.4119453
boundary_163,8093341,-0.7227065,3.600288,4.322994,-0.94637036,0.94637036,1.8927407,-0.317597,1.1281109,1.4457079
boundary_164,8742056,-0.83383226,3.9257786,4.759611,-1.0578243,1.0578243,2.1156485,-0.317597,0.98346776,1.3010647
boundary_165,9111288,-0.85971445,3.9236736,4.783388,-1.0220256,1.0220256,2.0440512,-0.317597,1.1005676,1.4181646
boundary_166,8278686,-0.7488214,3.8402548,4.589076,-0.9576673,0.9576673,1.9153346,-0.317597,1.1460235,1.4636205
boundary_168,8561940,-0.91852283,4.003051,4.9215736,-0.9822085,0.9822085,1.964417,-0.317597,1.0358665,1.3534635
boundary_169,8402272,-0.8205035,3.884288,4.7047915,-0.9726305,0.9726305,1.945261,-0.317597,1.1117877,1.4293847
boundary_17,9705704,-0.78432965,4.0737033,4.858033,-1.0345803,1.0345803,2.0691607,-0.317597,1.1096324,1.4272294
boundary_170,8701119,-0.92813635,3.8016646,4.729801,-1.082642,1.082642,2.165284,-0.317597,1.0822157,1.3998127
boundary_171,9400103,-0.76269895,3.6387405,4.4014397,-0.9967701,0.9967701,1.9935402,-0.317597,1.0156325,1.3332295
boundary_172,7544153,-0.87493455,3.9648836,4.839818,-0.9324289,0.9324289,1.8648578,-0.317597,1.1474617,1.4650587
boundary_173,8131711,-0.90044355,3.561836,4.4622793,-1.0872238,1.0872238,2.1744475,-0.317597,1.1405061,1.4581032
boundary_174,9386016,-0.79038566,3.8778682,4.668254,-1.0076066,1.0076066,2.0152133,-0.317597,1.1339773,1.4515743
boundary_175,8135123,-0.84648895,3.7248156,4.5713043,-0.968455,0.968455,1.93691,-0.317597,1.0304722,1.3480692
boundary_176,9070360,-0.73641783,4.0411105,4.7775283,-1.0471387,1.0471387,2.0942774,-0.317597,1.2000778,1.5176748
boundary_177,8127243,-0.7980211,3.982584,4.7806053,-0.93222797,0.93222797,1.8644559,-0.317597,1.0626527,1.3802497
boundary_178,9050192,-0.905456,3.8989449,4.804401,-1.0581388,1.0581388,2.1162777,-0.317597,1.1067657,1.4243628
boundary_179,8491820,-0.74494624,3.744873,4.4898195,-0.97203416,0.97203416,1.9440683,-0.317597,1.0038806,1.3214777
boundary_18,7320829,-0.89745843,3.7573445,4.654803,-0.90913385,0.90913385,1.8182677,-0.317597,1.0400033,1.3576003
boundary_180,8308130,-0.8520059,3.8194609,4.671467,-1.0976582,1.0976582,2.1953163,-0.317597,1.173286,1.490883
boundary_181,8644340,-0.8805816,3.6586473,4.539229,-1.0468045,1.0468045,2.093609,-0.317597,1.0883261,1.4059231
boundary_182,8229094,-0.7711651,3.742702,4.513867,-0.9829303,0.9829303,1.9658606,-0.317597,1.1208128,1.4384098
boundary_183,7469851,-0.8247756,3.822271,4.6470466,-0.9431489,0.9431489,1.8862978,-0.317597,1.0551369,1.372734
boundary_184,10227012,-0.93479365,3.9058228,4.840616,-1.023166,1.023166,2.046332,-0.317597,1.1854544,1.5030514
boundary_185,9499721,-0.8382858,4.020851,4.859137,-0.99668425,0.99668425,1.9933685,-0.317597,1.1270165,1.4446136
boundary_186,7950433,-0.73008347,3.7047858,4.4348693,-1.1078036,1.1078036,2.2156072,-0.317597,1.0570505,1.3746475
boundary_187,8742087,-0.7850008,3.783943,4.568944,-1.0842117,1.0842117,2.1684234,-0.317597,1.1693108,1.4869078
boundary_188,8245926,-0.8917445,3.8581192,4.7498636,-0.9571157,0.9571157,1.9142314,-0.317597,1.0612519,1.3788489
boundary_189,7931637,-0.9218192,3.6972194,4.6190386,-0.92229134,0.92229134,1.8445827,-0.317597,1.135551,1.453148
boundary_19,8682750,-0.7307454,3.5941923,4.324938,-1.0743569,1.0743569,2.1487138,-0.317597,1.149916,1.4675131
boundary_190,9489282,-0.81158775,3.7812421,4.5928297,-1.0323668,1.0323668,2.0647335,-0.317597,1.1090257,1.4266227
boundary_191,8652032,-0.86574715,3.8602362,4.725983,-1.0084958,1.0084958,2.0169916,-0.317597,1.2190797,1.5366768
boundary_192,8316702,-0.75799274,3.9438567,4.7018495,-1.0722295,1.0722295,2.144459,-0.317597,1.0740613,1.3916583
boundary_193,7765713,-0.771324,3.921605,4.6929293,-1.0757358,1.0757358,2.1514716,-0.317597,1.0630916,1.3806887
boundary_194,9522577,-0.8819776,3.8481991,4.730177,-1.0111976,1.0111976,2.0223951,-0.317597,1.0862296,1.4038266
boundary_195,8184651,-0.93628645,3.6849558,4.6212425,-0.97188425,0.97188425,1.9437685,-0.317597,1.1196308,1.4372278
boundary_196,9044521,-0.8293774,3.768671,4.598048,-1.0510454,1.0510454,2.1020908,-0.317597,1.1517446,1.4693416
boundary_197,9471059,-0.85432875,4.008732,4.8630605,-1.0467978,1.0467978,2.0935955,-0.317597,1.0934471,1.4110441
boundary_198,7935197,-0.74331355,3.9249206,4.668234,-0.9365259,0.9365259,1.8730518,-0.317597,1.1201812,1.4377782
boundary_199,8257942,-0.8011058,3.7706487,4.5717545,-1.0865319,1.0865319,2.1730638,-0.317597,1.0352386,1.3528357
boundary_2,8220683,-0.8737896,3.8544462,4.7282357,-1.0735449,1.0735449,2.1470897,-0.317597,1.0645477,1.3821447
boundary_20,8286212,-0.839103,3.909461,4.748564,-0.9956032,0.9956032,1.9912064,-0.317597,1.1264383,1.4440353
boundary_200,8394108,-0.9084998,3.8455682,4.754068,-0.9752749,0.9752749,1.9505498,-0.317597,1.2038068,1.5214038
boundary_201,8384313,-0.81473875,3.969711,4.7844496,-0.950209,0.950209,1.900418,-0.317597,1.1047626,1.4223596
boundary_202,8902069,-0.92404824,3.8864524,4.8105006,-1.0611492,1.0611492,2.1222985,-0.317597,1.0739589,1.3915559
boundary_203,10087822,-0.7570385,3.7233865,4.480425,-1.0376773,1.0376773,2.0753546,-0.317597,1.1662289,1.4838259
boundary_204,7418855,-0.8678824,3.8073852,4.6752677,-0.9103301,0.9103301,1.8206602,-0.317597,1.1398908,1.4574878
boundary_205,8295009,-0.8949864,3.6468782,4.5418644,-1.1123978,1.1123978,2.2247956,-0.317597,1.1337324,1.4513295
boundary_206,8784420,-0.78564405,3.7202797,4.5059237,-0.9860604,0.9860604,1.9721208,-0.317597,1.108589,1.4261861
boundary_207,8091211,-0.8410011,3.8099174,4.6509185,-0.9465097,0.9465097,1.8930194,-0.317597,1.022852,1.340449
boundary_208,9528194,-0.73050594,3.884109,4.614615,-1.0262116,1.0262116,2.0524232,-0.317597,1.0741992,1.3917962
boundary_209,8088713,-0.7926467,4.0673866,4.8600335,-0.9246484,0.9246484,1.8492968,-0.317597,1.2307056,1.5483027
boundary_21,8286085,-0.8679132,3.9170058,4.784919,-0.9596525,0.9596525,1.919305,-0.317597,1.1214797,1.4390768
boundary_210,9173580,-0.9030905,3.7507079,4.653798,-1.0362273,1.0362273,2.0724547,-0.317597,1.0616,1.379197
boundary_212,8240636,-0.846724,3.9041102,4.750834,-1.0764254,1.0764254,2.1528509,-0.317597,1.1472083,1.4648054
boundary_213,8825673,-0.8748784,3.7444527,4.6193314,-1.0883554,1.0883554,2.1767108,-0.317597,1.140987,1.4585841
boundary_214,8186519,-0.76565415,3.8277507,4.593405,-0.96069586,0.96069586,1.9213917,-0.317597,1.113092,1.430689
boundary_215,7722275,-0.8192417,3.6647825,4.484024,-1.111416,1.111416,2.222832,-0.317597,1.0468735,1.3644705
boundary_216,9754264,-0.92964983,3.990996,4.9206457,-1.0005763,1.0005763,2.0011525,-0.317597,1.1782831,1.4958801
boundary_217,9451412,-0.8333786,4.1056232,4.939002,-1.0224144,1.0224144,2.044829,-0.317597,1.1192399,1.436837
boundary_219,8910659,-0.77907443,3.6263568,4.4054313,-1.0617548,1.0617548,2.1235096,-0.317597,1.1594388,1.4770359
boundary_22,8872831,-0.75751424,3.8338218,4.5913363,-1.023484,1.023484,2.046968,-0.317597,1.0915682,1.4091653
boundary_220,8198174,-0.8875489,3.9427357,4.8302846,-0.9360152,0.9360152,1.8720304,-0.317597,1.0358721,1.3534691
boundary_222,9533971,-0.8063304,3.8661132,4.6724434,-1.0110587,1.0110587,2.0221174,-0.317597,1.0010252,1.3186222
boundary_223,8327935,-0.8607133,3.7023857,4.563099,-0.98707736,0.98707736,1.9741547,-0.317597,1.1931225,1.5107195
boundary_224,8755874,-0.7523593,4.0290313,4.7813907,-1.0502965,1.0502965,2.100593,-0.317597,1.0666296,1.3842267
boundary_225,7515578,-0.7817181,3.9949086,4.7766266,-0.928483,0.928483,1.856966,-0.317597,1.0965686,1.4141656
boundary_226,10074816,-0.89198345,3.6786668,4.57065,-1.0088632,1.0088632,2.0177264,-0.317597,1.2016996,1.5192966
boundary_227,8224395,-0.72804654,3.7578633,4.48591,-0.96855575,0.96855575,1.9371115,-0.317597,1.1363026,1.4538996
boundary_228,8649833,-0.83495945,3.8320994,4.667059,-1.0790278,1.0790278,2.1580555,-0.317597,1.0306789,1.3482759
boundary_229,9085882,-0.86514837,4.080899,4.9460473,-1.043399,1.043399,2.086798,-0.317597,1.1284595,1.4460565
boundary_23,9152929,-0.81200445,3.6706858,4.4826903,-0.9988393,0.9988393,1.9976786,-0.317597,1.2010591,1.5186561
boundary_230,8120931,-0.7549057,3.754973,4.5098786,-0.96454227,0.96454227,1.9290845,-0.317597,1.078228,1.395825
boundary_231,8354114,-0.8094182,3.8339994,4.6434174,-1.0832695,1.0832695,2.166539,-0.317597,1.1880823,1.5056794
boundary_232,9204853,-0.92182994,3.9179735,4.8398037,-1.0043229,1.0043229,2.0086458,-0.317597,1.0434456,1.3610426
boundary_233,8620729,-0.82265365,4.0323095,4.8549633,-0.9787082,0.97870827,1.9574165,-0.317597,1.0851852,1.4027822
boundary_234,8254547,-0.93299043,3.7167144,4.649705,-1.0581877,1.0581876,2.1163754,-0.317597,1.0899862,1.4075832
boundary_235,9655977,-0.76800865,3.7963176,4.5643263,-1.0181566,1.0181566,2.0363133,-0.317597,1.0241253,1.3417224
boundary_236,8127247,-0.8790344,3.8798454,4.7588797,-0.9540245,0.9540245,1.908049,-0.317597,1.1753432,1.4929402
boundary_237,7854125,-0.90634745,3.7191424,4.6254897,-1.0937577,1.0937577,2.1875155,-0.317597,0.9727364,1.2903334
boundary_238,9449773,-0.7954351,3.7933192,4.588754,-1.0295414,1.0295414,2.0590827,-0.317597,1.1426506,1.4602476
boundary_239,8150758,-0.85209364,3.639491,4.491585,-0.9426977,0.9426977,1.8853954,-0.317597,1.0589889,1.376586
boundary_24,7942302,-0.92232597,3.9965823,4.918908,-1.1096798,1.1096798,2.2193596,-0.317597,1.0575478,1.3751448
boundary_240,8823777,-0.7413325,3.9564166,4.697749,-1.0695432,1.0695432,2.1390865,-0.317597,1.2081974,1.5257944
boundary_241,8180602,-0.80327517,3.8976336,4.7009087,-0.9541082,0.9541082,1.9082164,-0.317597,1.0700737,1.3876708
boundary_242,9058095,-0.9108885,3.8142798,4.725168,-1.032806,1.032806,2.065612,-0.317597,1.1152705,1.4328675
boundary_243,9273184,-0.7492766,3.6609466,4.410223,-0.9930399,0.9930399,1.9860798,-0.317597,1.1323949,1.449992
boundary_244,8033664,-0.8572618,3.9770343,4.834296,-1.1201838,1.1201838,2.2403677,-0.317597,1.1831422,1.5007392
boundary_245,8616172,-0.8850724,3.5741,4.4591722,-1.0683154,1.0683154,2.1366308,-0.317597,1.096994,1.4145911
boundary_246,8396743,-0.77674663,3.8999205,4.676667,-1.0048728,1.0048728,2.0097456,-0.317597,1.1488208,1.4664178
boundary_247,7833222,-0.83098656,3.7373908,4.5683775,-0.9181333,0.9181333,1.8362666,-0.317597,1.1631707,1.4807677
boundary_249,10072803,-0.8437596,3.936015,4.7797747,-1.0189456,1.0189456,2.0378911,-0.317597,1.1346766,1.4522736
boundary_25,8327311,-0.8252758,4.1112814,4.9365573,-1.0848237,1.0848237,2.1696475,-0.317597,1.0807256,1.3983226
boundary_250,7841026,-0.73545605,3.8619783,4.5974345,-1.1294225,1.1294225,2.258845,-0.317597,1.0861102,1.4037073
boundary_251,8589177,-0.7899881,3.6988595,4.4888477,-1.043922,1.043922,2.087844,-0.317597,0.9994471,1.3170441
boundary_252,8383410,-0.8980292,4.014805,4.912834,-0.9789966,0.9789966,1.9579931,-0.317597,1.1695181,1.4871151
boundary_253,8199617,-0.92532843,3.6126745,4.538003,-0.94301254,0.94301254,1.8860251,-0.317597,1.1608729,1.47847
boundary_254,9339121,-0.81670886,3.9388049,4.7555137,-1.0546159,1.0546159,2.1092317,-0.317597,1.1169188,1.4345158
boundary_255,8430305,-0.8737545,3.7755485,4.649303,-0.9680872,0.9680872,1.9361744,-0.317597,1.0512035,1.3688005
boundary_256,8327802,-0.76368815,3.85853,4.622218,-1.0939628,1.0939628,2.1879256,-0.317597,1.1021099,1.419707
boundary_257,8233871,-0.8761911,3.977029,4.85322,-0.9600216,0.9600216,1.9200432,-0.317597,1.0643389,1.381936
boundary_258,9141069,-0.7658241,3.6512935,4.4171176,-1.0392076,1.0392076,2.0784152,-0.317597,1.2091984,1.5267954
boundary_259,8978728,-0.8198414,3.7304525,4.550294,-1.0000993,1.0000993,2.0001986,-0.317597,1.1248391,1.4424361
boundary_26,8710254,-0.9356367,3.7954004,4.731037,-0.9734211,0.9734211,1.9468422,-0.317597,1.103601,1.421198
boundary_260,8242289,-0.93305403,3.8141034,4.7471576,-1.0638393,1.0638393,2.1276786,-0.317597,0.9994283,1.3170253
boundary_261,8732855,-0.7387621,4.0540824,4.7928443,-1.0746783,1.0746783,2.1493566,-0.317597,1.116928,1.434525
boundary_262,8321627,-0.8464689,3.7286706,4.5751395,-0.9641611,0.9641611,1.9283222,-0.317597,1.1438198,1.4614168
boundary_263,7521010,-0.9025524,3.817311,4.7198634,-0.9240911,0.9240911,1.8481822,-0.317597,1.1582049,1.475802
boundary_264,10045043,-0.7923179,3.8911536,4.6834717,-1.0358548,1.0358548,2.0717096,-0.317597,1.0331078,1.3507048
boundary_265,9573573,-0.91599977,4.0161057,4.9321055,-1.0252757,1.0252757,2.0505514,-0.317597,1.2284904,1.5460874
boundary_266,7808626,-0.8059334,3.689606,4.495539,-1.0895002,1.0895002,2.1790004,-0.317597,1.079028,1.396625
boundary_267,8615896,-0.85954446,3.7691674,4.6287117,-1.0494537,1.0494537,2.0989075,-0.317597,1.0126492,1.3302462
boundary_268,8233926,-0.75236213,3.852775,4.6051373,-0.98569363,0.98569363,1.9713873,-0.317597,1.1631966,1.4807936
boundary_269,7811054,-0.7786881,3.6925175,4.4712057,-0.9351219,0.9351219,1.8702438,-0.317597,0.9791615,1.2967585
boundary_27,8124493,-0.77078515,3.6326654,4.4034505,-0.9337237,0.9337237,1.8674474,-0.317597,1.0374683,1.3550653
boundary_270,9432351,-0.8901378,3.776007,4.666145,-1.0138136,1.0138136,2.0276272,-0.317597,1.1114028,1.4289998
boundary_271,8464726,-0.7254395,3.855391,4.5808306,-0.9741293,0.97413015,1.9482595,-0.317597,1.0458307,1.3634278
boundary_272,8362744,-0.8337125,3.9286957,4.7624083,-1.1009946,1.1009946,2.2019892,-0.317597,1.199376,1.516973
boundary_273,8236925,-0.8956675,3.8703804,4.766048,-0.9852673,0.9852673,1.9705346,-0.317597,1.0782478,1.3958448
boundary_274,8767885,-0.787773,3.7960887,4.583862,-1.0641116,1.0641115,2.128223,-0.317597,1.0848411,1.4024382
boundary_275,9454751,-0.8420263,3.6336634,4.47569,-1.02437,1.02437,2.04874,-0.317597,1.1189363,1.4365333
boundary_276,7800696,-0.73010784,3.949731,4.679839,-0.9136076,0.9136076,1.8272152,-0.317597,1.170926,1.488523
boundary_277,8031927,-0.75957084,3.9571085,4.7166796,-1.0994471,1.0994471,2.1988943,-0.317597,1.0907849,1.4083819
boundary_278,9444623,-0.86793935,3.8732429,4.7411823,-0.98861986,0.98861986,1.9772397,-0.317597,1.1361904,1.4537874
boundary_279,8223686,-0.92148596,3.710513,4.631999,-0.94973385,0.94973385,1.8994677,-0.317597,1.0519514,1.3695484
boundary_28,9354080,-0.8810592,3.9584608,4.83952,-1.060875,1.060875,2.12175,-0.317597,1.1697404,1.4873375
boundary_280,9132051,-0.8140698,4.036308,4.8503776,-1.0760479,1.0760479,2.1520958,-0.317597,1.2032593,1.5208564
boundary_281,9222860,-0.9368026,3.90919,4.8459926,-1.0504646,1.0504646,2.1009293,-0.317597,1.125204,1.442801
boundary_283,8251401,-0.8845946,3.6719034,4.556498,-1.0898249,1.0898249,2.1796498,-0.317597,1.1821814,1.4997784
boundary_284,8852650,-0.7741997,3.997014,4.7712135,-1.0104544,1.0104544,2.0209088,-0.317597,1.0380075,1.3556045
boundary_285,8199028,-0.8009193,3.5950053,4.3959246,-0.97469515,0.97469515,1.9493903,-0.317597,1.1315122,1.4491092
boundary_286,8723955,-0.9094725,3.9112499,4.8207226,-1.0394639,1.0394639,2.0789278,-0.317597,1.1060629,1.4236599
boundary_287,9853845,-0.7442262,3.7479775,4.4922037,-0.99952465,0.99952465,1.9990493,-0.317597,1.0400131,1.3576101
boundary_288,8096530,-0.8545373,4.074579,4.9291162,-1.1252134,1.1252134,2.2504268,-0.317597,1.0907748,1.4083718
boundary_289,8413809,-0.88571495,4.040685,4.9264,-0.95627403,0.95627403,1.9125481,-0.317597,1.1201297,1.4377267
boundary_29,9714252,-0.9081729,3.5561867,4.4643598,-1.0092032,1.0092032,2.0184064,-0.317597,1.0866611,1.4042581
boundary_290,8567703,-0.7764395,3.7239501,4.5003896,-1.0676223,1.0676223,2.1352446,-0.317597,1.0494536,1.3670506
boundary_292,7855933,-0.7224038,3.8872323,4.6096363,-1.1070409,1.1070409,2.2140818,-0.317597,1.1351979,1.4527949
boundary_293,8438469,-0.74984473,4.1263433,4.876188,-1.0723244,1.0723244,2.1446488,-0.317597,1.1315409,1.4491379
boundary_294,8621433,-0.85743564,3.800425,4.6578608,-0.9921494,0.9921494,1.9842988,-0.317597,1.101444,1.419041
boundary_296,9274308,-0.80330354,3.9636848,4.7669883,-1.0320151,1.0320151,2.0640302,-0.317597,1.1670318,1.4846288
boundary_297,9886066,-0.931143,4.0882735,5.0194163,-1.0063958,1.0063958,2.0127916,-0.317597,1.0881578,1.4057548
boundary_298,7535480,-0.81675875,3.762388,4.579147,-0.94253343,0.94253343,1.8850669,-0.317597,1.1133232,1.4309202
boundary_299,8677840,-0.8711463,3.5987432,4.4698896,-1.0930711,1.0930711,2.1861422,-0.317597,1.147894,1.465491
boundary_3,8830562,-0.9282953,3.6915178,4.619813,-1.0345488,1.0345488,2.0690975,-0.317597,0.99759555,1.3151926
boundary_30,7927435,-0.7980832,3.8721702,4.6702533,-1.0883925,1.0883925,2.176785,-0.317597,1.1554171,1.4730141
boundary_300,8201306,-0.76306945,3.9251857,4.6882553,-0.9675544,0.9675544,1.9351088,-0.317597,1.0028057,1.3204027
boundary_301,8162874,-0.7898054,3.7651255,4.5549307,-0.9315423,0.9315423,1.8630846,-0.317597,1.0957786,1.4133756
boundary_302,9056878,-0.8977008,3.8390446,4.7367454,-1.0574669,1.0574669,2.1149337,-0.317597,1.1658233,1.4834204
boundary_303,9139839,-0.7355947,3.686073,4.4216676,-1.0187466,1.0187466,2.0374932,-0.317597,1.1613107,1.4789077
boundary_304,8039890,-0.8447554,4.0020022,4.846758,-1.0815128,1.0815128,2.1630256,-0.317597,1.0555816,1.3731786
boundary_305,9014835,-0.90603036,3.9431572,4.8491874,-0.9816574,0.9816574,1.9633148,-0.317597,1.0938015,1.4113985
boundary_306,8248369,-0.79649895,3.8586495,4.6551485,-1.0924348,1.0924348,2.1848695,-0.317597,1.0621326,1.3797296
boundary_307,9139729,-0.8518962,3.7061603,4.5580564,-1.0693085,1.0693085,2.138617,-0.317597,1.1360093,1.4536064
boundary_308,8116292,-0.74107474,3.7803235,4.521398,-0.9418657,0.9418657,1.8837314,-0.317597,1.0285392,1.3461362
boundary_309,7376015,-0.76855576,3.619692,4.388248,-0.9058847,0.9058847,1.8117694,-0.317597,1.1198682,1.4374652
boundary_31,8699428,-0.8526228,3.709453,4.562076,-1.0492115,1.0492115,2.098423,-0.317597,1.0719795,1.3895766
boundary_310,10032703,-0.8785924,3.9461467,4.824739,-1.017492,1.017492,2.034984,-0.317597,1.0761434,1.3937404
boundary_311,8369512,-0.93452805,3.7827315,4.7172594,-0.9932638,0.9932638,1.9865276,-0.317597,1.186425,1.504022
boundary_312,8717633,-0.82518315,3.865804,4.690987,-1.0566785,1.0566785,2.113357,-0.317597,1.0616902,1.3792872
boundary_313,8782070,-0.7279835,3.981262,4.7092457,-1.0315603,1.0315603,2.0631206,-0.317597,1.0825493,1.4001464
boundary_314,8322605,-0.84020036,3.9072382,4.7474384,-0.9672996,0.9672996,1.9345992,-0.317597,1.1085339,1.4261309
boundary_315,7872060,-0.8930681,3.744344,4.637412,-1.1178464,1.1178464,2.2356927,-0.317597,1.0231212,1.3407183
boundary_317,8320706,-0.8122255,3.6667175,4.478943,-0.9563277,0.9563277,1.9126554,-0.317597,0.99245965,1.3100567
boundary_318,8477316,-0.9195618,3.7418025,4.661364,-1.0823925,1.0823925,2.164785,-0.317597,1.1403,1.4578971
boundary_319,9548924,-0.7547075,3.8212829,4.57599,-1.0425212,1.0425212,2.0850425,-0.317597,1.0743545,1.3919516
boundary_32,8245515,-0.7440459,4.035231,4.779277,-0.9698057,0.9698057,1.9396114,-0.317597,1.0454229,1.36302
boundary_320,8103228,-0.8651022,3.9049468,4.770049,-0.93205035,0.93205035,1.8641007,-0.317597,1.2050233,1.5226203
boundary_321,8237295,-0.87850064,3.8831367,4.761637,-0.9355506,0.9355506,1.8711011,-0.317597,1.0950395,1.4126365
boundary_322,8845958,-0.7711146,3.808893,4.5800076,-1.0457712,1.0457712,2.0915425,-0.317597,1.0415576,1.3591546
boundary_323,9326429,-0.8249803,3.6458073,4.4707875,-1.0215708,1.0215708,2.0431416,-0.317597,1.1509918,1.4685888
boundary_324,7945554,-0.9362414,3.9722736,4.908515,-1.0853761,1.0853761,2.1707523,-0.317597,1.1069717,1.4245688
boundary_326,8239992,-0.85212904,3.8849685,4.7370977,-0.9706609,0.9706609,1.9413218,-0.317597,1.0930331,1.4106301
boundary_327,7879497,-0.9079352,3.7321656,4.640101,-0.9466213,0.9466213,1.8932426,-0.317597,1.165806,1.4834031
boundary_328,9585545,-0.79805756,3.8062644,4.604322,-1.009991,1.009991,2.019982,-0.317597,1.0592306,1.3768276
boundary_33,9402895,-0.7739596,4.000541,4.774501,-0.9911941,0.9911941,1.9823883,-0.317597,1.0756873,1.3932843
boundary_330,7478543,-0.81133544,3.8473196,4.658655,-0.92030495,0.92030495,1.8406099,-0.317597,1.1052076,1.4228046
boundary_331,8706170,-0.8648267,3.684543,4.54937,-1.0713372,1.0713372,2.1426744,-0.317597,1.0383765,1.3559735
boundary_332,8392302,-0.7575994,4.010268,4.7678676,-0.9601406,0.9601406,1.9202812,-0.317597,1.1709247,1.4885217
boundary_333,8080185,-0.7844246,3.6075258,4.3919506,-0.95636696,0.95636696,1.9127339,-0.317597,1.0876079,1.4052049
boundary_334,9421126,-0.8949178,3.933138,4.828056,-1.0361867,1.0361867,2.0723734,-0.317597,1.1187025,1.4362996
boundary_335,8567298,-0.7310545,3.7702217,4.501276,-0.9959965,0.9959965,1.991993,-0.317597,1.0536845,1.3712815
boundary_336,8290041,-0.8404894,3.8441892,4.6846786,-1.0752171,1.0752171,2.1504343,-0.317597,1.2235013,1.5410984
boundary_337,8689397,-0.9008624,4.0280056,4.928868,-1.0066975,1.0066975,2.013395,-0.317597,1.0862564,1.4038534
boundary_338,8288484,-0.793538,3.7106721,4.50421,-1.086622,1.086622,2.173244,-0.317597,1.0923557,1.4099528
boundary_339,9402636,-0.84645545,3.7912455,4.637701,-1.0464157,1.0464157,2.0928314,-0.317597,1.1269875,1.4445845
boundary_34,7927061,-0.88444644,3.6844366,4.568883,-1.1180667,1.1180667,2.2361333,-0.317597,1.0810997,1.3986968
boundary_340,7907235,-0.73559225,3.865106,4.6006985,-0.9205588,0.9205588,1.8411176,-0.317597,1.0202985,1.3378955
boundary_341,7845836,-0.7633288,3.7042413,4.4675703,-1.1221071,1.1221071,2.2442143,-0.317597,1.0947133,1.4123104
boundary_342,9534752,-0.87348807,3.788211,4.6616993,-1.0107113,1.0107113,2.0214226,-0.317597,1.1441424,1.4617394
boundary_343,8219368,-0.9309192,3.6250353,4.5559545,-0.9709232,0.9709232,1.9418464,-0.317597,1.1781138,1.4957108
boundary_344,8687519,-0.81960154,3.951125,4.770726,-1.0353633,1.0353633,2.0707266,-0.317597,1.0335213,1.3511183
boundary_345,9114223,-0.7218524,4.06665,4.788502,-1.0722798,1.0722798,2.1445596,-0.317597,1.1519109,1.4695079
boundary_346,8142798,-0.8328201,3.7499917,4.582812,-0.94568694,0.94568694,1.8913739,-0.317597,1.0803612,1.3979583
boundary_347,8052069,-0.8885319,3.8294203,4.7179523,-1.0957937,1.0957937,2.1915874,-0.317597,1.0146377,1.3322347
boundary_348,9193561,-0.77625006,3.9023547,4.6786046,-0.9858112,0.9858112,1.9716223,-0.317597,1.1678798,1.4854769
boundary_349,8442403,-0.8065045,3.7521462,4.558651,-0.9973543,0.9973543,1.9947087,-0.317597,1.1392633,1.4568603
boundary_35,8715142,-0.9425834,3.7638311,4.7064147,-1.0777949,1.0777949,2.1555898,-0.317597,1.1151991,1.4327961
boundary_350,8723410,-0.914454,3.8266098,4.741064,-1.060281,1.060281,2.120562,-0.317597,1.1322488,1.4498458
boundary_351,9919175,-0.7499071,3.663747,4.4136543,-1.020949,1.020949,2.041898,-0.317597,1.0657177,1.3833147
boundary_352,7611065,-0.8596866,3.9899094,4.849596,-0.9096192,0.9096192,1.8192384,-0.317597,1.1976479,1.515245
boundary_353,8402073,-0.8908451,3.954983,4.845828,-0.9785808,0.9785808,1.9571615,-0.317597,1.2281922,1.5457892
boundary_354,8765670,-0.7820967,3.8813496,4.6634464,-1.0423243,1.0423243,2.0846486,-0.317597,1.0771338,1.3947308
boundary_355,9964506,-0.8359181,3.718442,4.55436,-1.0034561,1.0034561,2.0069122,-0.317597,0.99166197,1.3092589
boundary_356,7445984,-0.7279401,3.8019948,4.529935,-0.9386647,0.9386647,1.8773293,-0.317597,1.1425505,1.4601475
boundary_357,8236234,-0.75421685,4.042264,4.7964807,-1.0779911,1.0779911,2.1559823,-0.317597,1.0836178,1.4012148
boundary_358,8698101,-0.86261046,3.7157168,4.578327,-1.0144495,1.0144495,2.028899,-0.317597,1.10966,1.4272571
boundary_359,8140768,-0.9173096,3.795245,4.7125545,-0.92761755,0.92761755,1.8552351,-0.317597,1.0434511,1.3610481
boundary_36,8342610,-0.830594,3.8472564,4.6778502,-0.9664211,0.9664211,1.9328423,-0.317597,1.1658225,1.4834195
boundary_360,9235281,-0.8086245,3.8788233,4.6874475,-1.0538191,1.0538191,2.1076381,-0.317597,1.1941696,1.5117667
boundary_361,9578148,-0.9328875,3.9934945,4.926382,-1.0280417,1.0280417,2.0560834,-0.317597,1.1169835,1.4345806
boundary_362,8072406,-0.8221319,3.919936,4.742068,-0.96546173,0.9654617,1.9309235,-0.317597,1.2211479,1.5387449
boundary_363,8303666,-0.8762558,3.7566552,4.632911,-1.0681739,1.0681739,2.1363478,-0.317597,1.1555785,1.4731755
boundary_365,8177333,-0.7960672,3.6801338,4.476201,-0.95265543,0.95265543,1.9053109,-0.317597,1.1235019,1.4410989
boundary_366,8760572,-0.90325004,3.7543612,4.6576114,-1.0636775,1.0636775,2.127355,-0.317597,0.99796104,1.3155581
boundary_367,9482684,-0.741005,3.8433998,4.584405,-0.99239314,0.99239314,1.9847863,-0.317597,1.1895754,1.5071725
boundary_368,7878263,-0.84901375,3.9171648,4.7661786,-1.1035342,1.1035343,2.2070684,-0.317597,1.0634651,1.3810622
boundary_369,9634014,-0.9113535,4.1004705,5.011824,-1.0031718,1.0031718,2.0063436,-0.317597,1.1208665,1.4384636
boundary_37,7926050,-0.8573598,4.087436,4.944796,-0.9157061,0.91570604,1.8314121,-0.317597,1.1070783,1.4246753
boundary_371,9020144,-0.85752535,3.62094,4.478465,-1.0429655,1.0429655,2.085931,-0.317597,1.1629941,1.4805912
boundary_372,8244056,-0.7469211,3.9374301,4.6843514,-0.96404153,0.96404153,1.9280831,-0.317597,1.136507,1.4541041
boundary_373,7381504,-0.7737836,3.5349874,4.308771,-0.92804897,0.92804897,1.8560979,-0.317597,1.1285348,1.4461318
boundary_374,9550273,-0.8862232,3.8611422,4.7473655,-1.0389479,1.0389479,2.0778959,-0.317597,1.1039034,1.4215004
boundary_375,8171261,-0.93900377,3.6979673,4.636971,-0.95361125,0.95361125,1.9072225,-0.317597,1.0185641,1.3361611
boundary_377,8631219,-0.73333645,3.8965666,4.629903,-1.053394,1.053394,2.106788,-0.317597,1.090211,1.4078081
boundary_378,8334888,-0.8443552,3.8218992,4.6662545,-0.9893721,0.9893721,1.9787441,-0.317597,1.1161652,1.4337622
boundary_379,7830485,-0.8973454,3.6598809,4.557226,-1.0926143,1.0926143,2.1852286,-0.317597,1.1503485,1.4679456
boundary_38,9372308,-0.74606997,3.761355,4.507425,-1.0422515,1.0422515,2.084503,-0.317597,1.1330225,1.4506196
boundary_380,9763272,-0.78715515,3.9758859,4.763041,-1.0136162,1.0136162,2.0272324,-0.317597,1.0250658,1.3426628
boundary_381,8613775,-0.8146416,3.5727355,4.3873773,-0.9778135,0.9778135,1.955627,-0.317597,1.1161448,1.4337418
boundary_382,8447500,-0.9293218,3.899227,4.828549,-1.1045498,1.1045498,2.2090995,-0.317597,1.168276,1.485873
boundary_383,9104918,-0.7601409,3.7364779,4.4966187,-1.0178592,1.0178592,2.0357184,-0.317597,1.0825984,1.4001955
boundary_384,8216427,-0.8706218,4.062274,4.9328957,-0.93829244,0.93829244,1.8765849,-0.317597,1.0570929,1.3746899
boundary_385,9119821,-0.878995,4.05553,4.934525,-1.0659108,1.0659108,2.1318216,-0.317597,1.0788522,1.3964492
boundary_386,8225090,-0.7684409,3.7301087,4.4985495,-0.95532113,0.95532113,1.9106423,-0.317597,1.203853,1.52145
boundary_387,7979541,-0.8226991,3.5669935,4.389693,-1.1056569,1.1056569,2.2113137,-0.317597,1.1381079,1.4557049
boundary_388,9184982,-0.9332483,3.8927054,4.8259535,-0.97963053,0.97963053,1.9592611,-0.317597,1.0133544,1.3309515
boundary_389,8382295,-0.7415061,4.132797,4.874303,-0.9912841,0.9912841,1.9825681,-0.317597,1.1108646,1.4284617
boundary_39,8636873,-0.80220556,3.6084394,4.410645,-1.0023953,1.0023953,2.0047905,-0.317597,1.1495122,1.4671092
boundary_390,8619274,-0.8495006,3.806003,4.6555037,-1.0547861,1.0547861,2.1095722,-0.317597,1.0800902,1.3976872
boundary_391,9661907,-0.9081367,3.6535695,4.561706,-1.0303216,1.0303216,2.0606432,-0.317597,1.1724268,1.4900239
boundary_392,7463956,-0.7950687,3.969915,4.7649837,-0.90442395,0.90442395,1.8088479,-0.317597,1.0460429,1.36364
boundary_393,8127715,-0.9187447,4.0948176,5.013562,-1.1317103,1.1317103,2.2634206,-0.317597,1.2445863,1.5621834
boundary_394,9786239,-0.8086234,3.7684157,4.5770392,-1.0048741,1.0048741,2.0097482,-0.317597,1.0920208,1.4096178
boundary_395,8156119,-0.8636815,3.6057343,4.4694157,-0.965207,0.965207,1.930414,-0.317597,1.0254095,1.3430065
boundary_396,8749701,-0.7548956,3.9315286,4.6864243,-1.0450528,1.0450528,2.0901055,-0.317597,1.157459,1.475056
boundary_397,9105705,-0.7815124,3.528949,4.3104615,-1.0405898,1.0405898,2.0811796,-0.317597,0.9740895,1.2916865
boundary_398,8096177,-0.89204085,3.8545969,4.746638,-0.92916906,0.92916906,1.8583381,-0.317597,1.1256216,1.4432186
boundary_399,8114721,-0.7282346,3.6916187,4.419853,-1.0806249,1.0806249,2.1612499,-0.317597,1.039901,1.357498
boundary_4,8150920,-0.81944066,3.7751307,4.5945716,-0.9702834,0.9702834,1.9405668,-0.317597,1.1303833,1.4479803
boundary_40,8156452,-0.91156185,3.924325,4.835887,-1.0667682,1.0667682,2.1335363,-0.317597,1.0225118,1.3401089
boundary_400,8718283,-0.83628035,4.0076394,4.8439198,-1.0166215,1.0166215,2.033243,-0.317597,1.2113119,1.528909
boundary_401,8249076,-0.8981964,3.949207,4.8474035,-1.0906317,1.0906317,2.1812634,-0.317597,1.073184,1.390781
boundary_402,8595899,-0.7906532,3.8746197,4.6652727,-0.97973,0.97973,1.95946,-0.317597,1.0990622,1.4166592
boundary_404,9588813,-0.73280156,3.7862945,4.519096,-1.0195911,1.0195911,2.0391822,-0.317597,1.1835665,1.5011635
boundary_405,9269526,-0.7609523,3.625274,4.386226,-1.0155437,1.0155436,2.0310874,-0.317597,1.0979867,1.4155837
boundary_406,8044347,-0.87088823,3.9519746,4.8228626,-1.0954055,1.0954055,2.190811,-0.317597,1.1306834,1.4482805
boundary_407,8909134,-0.92507344,3.788498,4.7135715,-1.0552245,1.0552245,2.110449,-0.317597,1.1649369,1.4825339
boundary_408,8173754,-0.81814384,3.872527,4.690671,-0.9765381,0.9765381,1.9530762,-0.317597,1.0400636,1.3576607
boundary_409,8299327,-0.7190689,3.9878738,4.7069426,-0.9658844,0.9658844,1.9317688,-0.317597,1.1377267,1.4553237
boundary_41,8922483,-0.81760216,4.0482383,4.8658404,-1.0560589,1.0560589,2.1121178,-0.317597,1.1188374,1.4364344
boundary_410,8937352,-0.83017373,3.9137516,4.743925,-1.0298364,1.0298364,2.0596728,-0.317597,1.086589,1.404186
boundary_411,8457782,-0.88444567,3.750663,4.635109,-0.9906162,0.9906162,1.9812324,-0.317597,1.0010986,1.3186957
boundary_412,8191859,-0.77552867,3.8346584,4.610187,-1.0692374,1.0692374,2.1384747,-0.317597,1.1521142,1.4697112
boundary_413,8968440,-0.8036712,3.6736138,4.477285,-1.0810337,1.0810337,2.1620674,-0.317597,1.1460207,1.4636177
boundary_414,8230585,-0.9129217,3.7477877,4.6607094,-0.9545842,0.9545842,1.9091684,-0.317597,1.1190575,1.4366546
boundary_415,7371134,-0.7468487,3.8269224,4.573771,-0.91500044,0.91500044,1.8300009,-0.317597,1.0527744,1.3703715
boundary_416,10197605,-0.85736495,3.9108093,4.768174,-1.0417936,1.0417936,2.0835872,-0.317597,1.0847697,1.4023668
boundary_417,8782299,-0.88757586,3.8760917,4.7636676,-1.0634958,1.0634958,2.1269915,-0.317597,1.2155224,1.5331194
boundary_418,8203426,-0.7793011,3.8026412,4.581942,-0.9833404,0.9833404,1.9666808,-0.317597,1.0631804,1.3807775
boundary_419,7284397,-0.83318716,3.6397312,4.4729185,-0.89724,0.89724,1.79448,-0.317597,0.99696916,1.3145661
boundary_42,8228886,-0.9250456,3.722884,4.6479297,-0.9772065,0.9772065,1.954413,-0.317597,1.068743,1.38634
boundary_420,9975402,-0.7251643,3.9658608,4.6910253,-1.0231858,1.0231858,2.0463717,-0.317597,1.1283119,1.4459089
boundary_421,8779489,-0.7526577,3.9624588,4.7151165,-0.9873782,0.9873782,1.9747564,-0.317597,1.1452727,1.4628698
boundary_422,8300940,-0.86224514,3.8792791,4.741524,-1.0982233,1.0982233,2.1964467,-0.317597,1.1148058,1.4324028
boundary_423,9085912,-0.9154928,3.7163763,4.6318693,-1.0124748,1.0124748,2.0249496,-0.317597,1.0306808,1.3482778
boundary_424,8298023,-0.8059326,4.0424743,4.848407,-0.94741863,0.94741863,1.8948373,-0.317597,1.1804669,1.4980639
boundary_425,7877226,-0.9278476,3.914587,4.842435,-0.9225168,0.9225168,1.8450336,-0.317597,1.1045367,1.4221337
boundary_426,9739673,-0.82015616,3.8410692,4.6612253,-1.0487524,1.0487524,2.0975049,-0.317597,1.1272163,1.4448134
boundary_427,8295358,-0.87380344,3.6777837,4.551587,-0.96159583,0.96159583,1.9231917,-0.317597,1.1602578,1.4778548
boundary_428,8738873,-0.76583093,4.0038285,4.7696595,-1.072567,1.072567,2.145134,-0.317597,1.0165718,1.3341688
boundary_429,8872716,-0.7925456,3.601437,4.393983,-1.0370446,1.0370446,2.0740893,-0.317597,1.1095407,1.4271377
boundary_43,7588152,-0.7603438,3.8022695,4.5626135,-0.9528357,0.9528357,1.9056714,-0.317597,1.1788312,1.4964283
boundary_430,8253359,-0.9017319,3.9179003,4.819632,-0.9587057,0.9587057,1.9174114,-0.317597,0.9851474,1.3027444
boundary_431,7877686,-0.7382833,3.7647643,4.5030475,-1.1242435,1.1242435,2.248487,-0.317597,1.1775916,1.4951886
boundary_432,9113522,-0.8469429,3.838435,4.685378,-0.9974259,0.9974259,1.9948518,-0.317597,1.0687386,1.3863356
boundary_433,8426290,-0.9106814,4.021827,4.9325085,-1.0873262,1.0873262,2.1746523,-0.317597,1.1072701,1.4248672
boundary_434,9030650,-0.7981717,3.6953022,4.493474,-1.0087438,1.0087438,2.0174875,-0.317597,1.0579362,1.3755332
boundary_435,8290125,-0.8547019,3.7847908,4.6394925,-0.93691784,0.93691784,1.8738357,-0.317597,1.1487362,1.4663333
boundary_436,8912084,-0.74430126,3.858545,4.602846,-1.0477487,1.0477487,2.0954974,-0.317597,1.1417218,1.4593189
boundary_437,9895769,-0.77189195,3.6985497,4.470442,-1.0121455,1.0121455,2.024291,-0.317597,1.1330105,1.4506075
boundary_438,7430287,-0.8812554,3.7824562,4.6637115,-0.9330134,0.9330134,1.8660268,-0.317597,1.089894,1.4074911
boundary_439,8908263,-0.9355423,3.6191247,4.554667,-1.0995855,1.0995857,2.199171,-0.317597,1.2023025,1.5198995
boundary_44,10105071,-0.8705006,3.886156,4.7566566,-1.0164266,1.0164266,2.0328531,-0.317597,1.153671,1.471268
boundary_440,8335359,-0.82800823,3.9442794,4.772288,-0.97278357,0.97278357,1.9455671,-0.317597,1.0546988,1.3722959
boundary_441,8235579,-0.73066807,4.0601254,4.7907934,-0.94722885,0.94722885,1.8944577,-0.317597,1.0957118,1.4133089
boundary_442,8718577,-0.84104335,3.743351,4.5843945,-1.0736716,1.0736716,2.1473432,-0.317597,1.1022991,1.4198961
boundary_443,9470038,-0.89526,3.8229914,4.718251,-0.9867815,0.9867815,1.973563,-0.317597,1.0363903,1.3539873
boundary_444,7974723,-0.7840449,3.897009,4.6810536,-1.1140087,1.1140087,2.2280173,-0.317597,1.189052,1.506649
boundary_445,8159886,-0.81226695,3.735938,4.548205,-1.0624189,1.0624189,2.1248379,-0.317597,1.1033795,1.4209765
boundary_446,8801439,-0.9222412,3.8205197,4.7427607,-0.99805087,0.99805087,1.9961017,-0.317597,1.1536398,1.4712368
boundary_447,8002577,-0.7574102,3.6577446,4.415155,-0.95859516,0.95859516,1.9171903,-0.317597,1.0874614,1.4050584
boundary_448,9333144,-0.86836964,3.983634,4.8520036,-1.0225781,1.0225781,2.0451562,-0.317597,1.0431398,1.3607368
boundary_449,8810838,-0.8812039,3.961852,4.8430557,-1.0408899,1.0408899,2.0817797,-0.317597,1.1074924,1.4250895
boundary_45,9299869,-0.89932007,3.7255926,4.6249127,-0.9815971,0.9815971,1.9631943,-0.317597,1.1268767,1.4444737
boundary_450,8168981,-0.7741777,3.8876753,4.661853,-0.96178716,0.96178716,1.9235743,-0.317597,1.0552663,1.3728633
boundary_451,7929815,-0.8276554,3.7246125,4.552268,-1.1284877,1.1284877,2.2569754,-0.317597,1.1486466,1.4662436
boundary_452,9413727,-0.93762946,3.8085902,4.7462196,-1.0010144,1.0010144,2.0020287,-0.317597,1.1209542,1.4385512
boundary_453,8884997,-0.7470401,4.0476847,4.794725,-0.96520096,0.96520096,1.9304019,-0.317597,1.1379744,1.4555714
boundary_454,8185789,-0.8547706,3.7215602,4.5763307,-1.0764097,1.0764097,2.1528194,-0.317597,1.0884784,1.4060755
boundary_455,9895765,-0.9119361,3.8107512,4.7226872,-1.0526419,1.0526419,2.1052837,-0.317597,1.180607,1.498204
boundary_456,8081376,-0.8005409,3.8849442,4.685485,-0.9255776,0.9255776,1.8511552,-0.317597,1.0726093,1.3902063
boundary_457,7442095,-0.92444956,4.009654,4.9341035,-0.9006723,0.9006723,1.8013446,-0.317597,1.0739743,1.3915713
boundary_458,10040963,-0.8139998,3.6837087,4.4977083,-1.0274202,1.0274202,2.0548403,-0.317597,1.1000922,1.4176892
boundary_459,8243892,-0.8689287,3.7621663,4.631095,-0.98723805,0.98723805,1.9744761,-0.317597,1.1341325,1.4517295
boundary_46,8223689,-0.7877831,3.7989383,4.5867214,-1.0914744,1.0914744,2.1829488,-0.317597,1.1212271,1.4388242
boundary_460,8763734,-0.7603218,3.8465438,4.6068654,-1.0663048,1.0663048,2.1326096,-0.317597,1.1845927,1.5021898
boundary_461,8847488,-0.78711337,3.6863282,4.4734416,-1.0625458,1.0625458,2.1250916,-0.317597,1.1014131,1.4190102
boundary_462,8203968,-0.89501786,3.7601802,4.655198,-0.9513107,0.9513107,1.9026214,-0.317597,1.1531368,1.4707339
boundary_463,8367284,-0.73388827,3.8488123,4.5827007,-1.1017988,1.1017989,2.2035975,-0.317597,1.067931,1.3855281
boundary_464,8854412,-0.8416531,3.923052,4.764705,-0.97650844,0.97650844,1.9530169,-0.317597,1.042603,1.3602
boundary_465,8225244,-0.90707225,3.8643568,4.771429,-1.0656786,1.0656786,2.1313572,-0.317597,1.0995332,1.4171302
boundary_466,8628018,-0.7928018,3.7796466,4.5724483,-1.001915,1.001915,2.00383,-0.317597,1.2259017,1.5434988
boundary_467,8136354,-0.84889215,3.6275141,4.476406,-0.9621785,0.9621785,1.924357,-0.317597,1.1409334,1.4585304
boundary_468,9175488,-0.7383231,3.9439282,4.6822515,-1.0264204,1.0264204,2.0528407,-0.317597,1.0155643,1.3331614
boundary_469,9893670,-0.76593167,3.540831,4.3067627,-1.0377257,1.0377257,2.0754514,-0.317597,1.1072352,1.4248322
boundary_47,9046194,-0.8437463,3.6462202,4.4899664,-1.0522597,1.0522597,2.1045194,-0.317597,1.0369662,1.3545632
boundary_470,7896219,-0.8763927,3.8669217,4.7433143,-1.1013628,1.1013628,2.2027256,-0.317597,0.98215413,1.2997512
boundary_471,8764276,-0.93019724,3.7038918,4.634089,-1.0778999,1.0778999,2.1557999,-0.317597,1.1736162,1.4912132
boundary_472,8302055,-0.8226546,4.0297112,4.852366,-0.9507974,0.9507974,1.9015948,-0.317597,1.0475006,1.3650976
boundary_474,8982428,-0.8355414,3.82864,4.664181,-1.0513374,1.0513374,2.1026747,-0.317597,1.0943598,1.4119568
boundary_475,9082886,-0.88990307,3.665692,4.5555954,-1.0121107,1.0121107,2.0242214,-0.317597,1.0283278,1.3459249
boundary_476,7970531,-0.7787434,3.981494,4.760237,-1.0912626,1.0912626,2.1825252,-0.317597,1.1803453,1.4979423
boundary_477,8596537,-0.80936015,3.58824,4.3976,-1.0870036,1.0870036,2.1740072,-0.317597,0.9780195,1.2956165
boundary_478,8327792,-0.9173629,3.9054177,4.8227806,-0.9770044,0.9770044,1.9540088,-0.317597,1.1269666,1.4445636
boundary_479,7699009,-0.7521551,3.74247,4.494625,-0.9368457,0.9368457,1.8736914,-0.317597,1.0613242,1.3789213
boundary_48,8292221,-0.7331722,3.96286,4.6960325,-0.9412499,0.9412499,1.8824998,-0.317597,1.0870382,1.4046352
boundary_480,9665497,-0.86397326,4.068657,4.93263,-1.0157344,1.0157343,2.0314689,-0.317597,1.2113105,1.5289075
boundary_481,8734800,-0.8934796,4.033898,4.9273777,-1.0690227,1.0690227,2.1380453,-0.317597,1.0651276,1.3827246
boundary_482,8280665,-0.7849301,3.717522,4.502452,-0.95866257,0.95866257,1.9173251,-0.317597,1.0708213,1.3884183
boundary_483,7461888,-0.8386693,3.7971253,4.6357946,-0.9186815,0.9186815,1.837363,-0.317597,1.0051986,1.3227956
boundary_484,10021940,-0.72759485,3.8708193,4.5984144,-1.0450912,1.0450912,2.0901823,-0.317597,1.1754855,1.4930825
boundary_485,9266076,-0.7568793,4.1209335,4.877813,-0.9945024,0.9945024,1.9890049,-0.317597,1.0767009,1.394298
boundary_486,8176642,-0.866234,3.7944884,4.6607223,-1.0730995,1.0730995,2.146199,-0.317597,1.1227876,1.4403846
boundary_487,8889660,-0.91970825,3.6317537,4.551462,-1.0333192,1.0333192,2.0666385,-0.317597,1.0564088,1.3740058
boundary_488,8320115,-0.8113373,3.957613,4.7689505,-0.9698495,0.9698495,1.939699,-0.317597,1.1880515,1.5056485
boundary_489,8035246,-0.93294275,4.0724072,5.00535,-0.943717,0.943717,1.887434,-0.317597,1.1295961,1.4471931
boundary_49,9583941,-0.7952672,3.903799,4.699066,-1.0319427,1.0319426,2.0638852,-0.317597,1.2250482,1.5426452
boundary_490,8927197,-0.8249089,3.7562926,4.5812016,-1.008557,1.008557,2.017114,-0.317597,1.0589296,1.3765266
boundary_491,8711665,-0.8789113,3.593131,4.4720426,-0.98351145,0.98351145,1.9670229,-0.317597,1.168769,1.486366
boundary_492,8304351,-0.7713984,3.9185145,4.689913,-1.0947356,1.0947356,2.1894712,-0.317597,1.0241252,1.3417222
boundary_493,8705311,-0.7980727,3.758817,4.5568895,-1.0592984,1.0592984,2.1185968,-0.317597,1.1174881,1.4350852
boundary_494,8236363,-0.9094821,3.8323386,4.741821,-0.9797547,0.9797547,1.9595094,-0.317597,1.1108809,1.4284779
boundary_495,7861567,-0.7437307,3.6795592,4.42329,-1.0986704,1.0986704,2.1973407,-0.317597,1.2040291,1.5216261
boundary_496,9512959,-0.85172886,3.9958868,4.8476157,-1.0192009,1.0192009,2.0384018,-0.317597,1.0766226,1.3942196
boundary_497,8220247,-0.91481125,3.9366438,4.851455,-1.1096737,1.1096737,2.2193475,-0.317597,1.1152166,1.4328136
boundary_498,9372017,-0.80345976,3.8531096,4.6565695,-0.98309326,0.98309326,1.9661865,-0.317597,1.0836643,1.4012613
boundary_499,8129368,-0.8603681,3.699485,4.559853,-0.94466704,0.94466704,1.8893341,-0.317597,0.980683,1.29828
boundary_5,7632528,-0.84648645,4.0146823,4.861169,-0.9341331,0.9341331,1.8682662,-0.317597,1.1479584,1.4655554
boundary_50,8208649,-0.90409225,3.8199096,4.724002,-0.9518584,0.9518584,1.9037168,-0.317597,1.0938747,1.4114717
boundary_500,8920144,-0.74956155,3.7739887,4.52355,-1.0696574,1.0696574,2.139315,-0.317597,1.1501185,1.4677155
boundary_51,8188756,-0.7420576,3.6663413,4.408399,-1.1025716,1.1025716,2.2051432,-0.317597,1.0103438,1.3279408
boundary_52,8437408,-0.85132426,3.9829845,4.8343086,-0.9917076,0.9917076,1.9834152,-0.317597,1.1600425,1.4776396
boundary_53,8095885,-0.8775855,3.5797336,4.4573193,-0.94130284,0.94130284,1.8826057,-0.317597,1.0752053,1.3928024
boundary_54,8727091,-0.7683983,3.9064574,4.6748557,-1.0669318,1.0669318,2.1338637,-0.317597,1.1268948,1.4444919
boundary_55,9795628,-0.821997,3.743527,4.565524,-1.0274155,1.0274155,2.054831,-0.317597,1.0417862,1.3593832
boundary_56,7510582,-0.9321246,3.8272188,4.759343,-0.915727,0.915727,1.831454,-0.317597,1.1923583,1.5099553
boundary_57,8065163,-0.8355447,3.942068,4.7776127,-1.0811611,1.0811611,2.1623223,-0.317597,1.1139826,1.4315796
boundary_58,9333485,-0.72741425,3.8685405,4.595955,-1.0021021,1.0021021,2.0042043,-0.317597,1.0636317,1.3812287
boundary_59,8251537,-0.78176147,3.7052045,4.486966,-0.9784159,0.9784159,1.9568318,-0.317597,1.1536906,1.4712876
boundary_6,9927946,-0.7364743,3.9305768,4.6670513,-0.9990543,0.9990543,1.9981086,-0.317597,1.0992126,1.4168097
boundary_60,9005867,-0.8890598,4.021624,4.9106836,-1.0412796,1.0412797,2.082559,-0.317597,1.0484709,1.3660679
boundary_61,9502543,-0.91891295,3.6283126,4.5472255,-1.0530561,1.0530561,2.1061122,-0.317597,1.123583,1.44118
boundary_62,7717740,-0.8095096,3.9448495,4.7543592,-0.9270891,0.9270891,1.8541782,-0.317597,0.99565667,1.3132536
boundary_63,8555235,-0.8631715,3.7813225,4.644494,-1.0928323,1.0928323,2.1856647,-0.317597,1.2067736,1.5243707
boundary_64,8321138,-0.75516695,3.8652608,4.6204276,-0.96603537,0.96603537,1.9320707,-0.317597,1.0804083,1.3980054
boundary_65,9662667,-0.7683634,4.0849566,4.85332,-1.0320853,1.0320853,2.0641706,-0.317597,1.2445794,1.5621765
boundary_66,8072229,-0.8791571,3.7695088,4.648666,-1.0953616,1.0953616,2.1907232,-0.317597,1.072667,1.390264
boundary_67,8914566,-0.9328984,3.60672,4.5396185,-1.0556669,1.0556669,2.1113338,-0.317597,1.0063239,1.323921
boundary_68,8318525,-0.8249819,3.9324696,4.7574515,-0.945373,0.945373,1.890746,-0.317597,1.137869,1.455466
boundary_69,7828627,-0.8531774,3.9299958,4.783173,-0.9413052,0.9413052,1.8826104,-0.317597,1.0797255,1.3973225
boundary_7,8179477,-0.79272085,3.7774727,4.570194,-0.95910835,0.95910835,1.9182167,-0.317597,1.0133669,1.330964
boundary_70,9572995,-0.7405704,3.8460503,4.586621,-1.0200534,1.0200534,2.0401068,-0.317597,1.124618,1.4422151
boundary_71,8261622,-0.79828846,3.692171,4.4904594,-0.9813584,0.9813584,1.9627168,-0.317597,1.020939,1.338536
boundary_72,8903159,-0.9060622,4.00915,4.915212,-1.05996,1.05996,2.11992,-0.317597,1.1905594,1.5081564
boundary_73,8691574,-0.81154376,3.8911123,4.7026563,-1.081935,1.081935,2.16387,-0.317597,1.091628,1.409225
boundary_74,8159091,-0.92000246,3.8075812,4.727584,-0.95542777,0.95542777,1.9108555,-0.317597,1.0606326,1.3782296
boundary_75,7882937,-0.75444704,3.6445048,4.398952,-1.1211331,1.1211331,2.2422662,-0.317597,1.1705952,1.4881922
boundary_76,9950761,-0.8655654,3.970718,4.836283,-0.9950178,0.9950178,1.9900357,-0.317597,1.0263089,1.3439059
boundary_77,8560719,-0.8956649,3.5681405,4.463805,-1.006235,1.006235,2.01247,-0.317597,1.1187521,1.4363492
boundary_78,8201501,-0.78370184,3.894684,4.6783857,-1.070113,1.070113,2.140226,-0.317597,1.0950189,1.4126159
boundary_79,9140787,-0.83820957,3.731258,4.5694675,-1.0463653,1.0463653,2.0927305,-0.317597,1.1845936,1.5021906
boundary_8,8773956,-0.9015542,3.8513196,4.752874,-1.0852046,1.0852046,2.1704092,-0.317597,1.1831412,1.5007383
boundary_80,8214868,-0.72779894,4.047675,4.775474,-0.91932166,0.91932166,1.8386433,-0.317597,1.0789928,1.3965899
boundary_81,9668803,-0.78982216,3.988777,4.7785993,-1.0567862,1.0567862,2.1135724,-0.317597,1.118453,1.43605
boundary_82,7978020,-0.9013441,3.6721523,4.5734963,-0.9302593,0.9302593,1.8605186,-0.317597,1.0684592,1.3860562
boundary_83,8155524,-0.73620766,3.7515512,4.4877586,-1.0808305,1.0808305,2.161661,-0.317597,0.9822072,1.2998042
boundary_84,8493166,-0.84428334,3.8252146,4.669498,-0.9696143,0.9696143,1.9392287,-0.317597,1.1518279,1.469425
boundary_85,8305082,-0.8706084,3.665471,4.5360794,-0.9812994,0.9812994,1.9625988,-0.317597,1.1427397,1.4603367
boundary_86,8597818,-0.76316965,3.7490132,4.5121827,-1.0451514,1.0451514,2.0903027,-0.317597,1.0995054,1.4171025
boundary_87,9376607,-0.8167323,3.828357,4.645089,-1.0055046,1.0055046,2.0110092,-0.317597,1.0335007,1.3510977
boundary_88,7970186,-0.92677414,3.9123285,4.8391027,-1.0853295,1.0853295,2.170659,-0.317597,1.1644094,1.4820064
boundary_89,8329512,-0.8303382,4.026757,4.857095,-1.105932,1.105932,2.211864,-0.317597,1.1064905,1.4240875
boundary_9,8731608,-0.80700463,3.9763048,4.7833095,-1.0593586,1.0593586,2.1187172,-0.317597,1.083736,1.401333
boundary_90,8999757,-0.7229432,3.7102907,4.4332337,-0.9958393,0.9958393,1.9916786,-0.317597,1.1112639,1.4288609
boundary_91,8164997,-0.7764076,3.7899916,4.566399,-0.955728,0.955728,1.911456,-0.317597,1.1457223,1.4633193
boundary_92,8903837,-0.8866223,3.8731408,4.7597632,-1.0200831,1.0200831,2.0401661,-0.317597,1.0215276,1.3391247
boundary_93,9866519,-0.9134896,3.713526,4.6270156,-1.0316327,1.0316327,2.0632653,-0.317597,1.0943819,1.411979
boundary_94,7524454,-0.80337834,3.7873747,4.590753,-0.9195467,0.9195467,1.8390934,-0.317597,1.1636168,1.4812138
boundary_95,8840986,-0.85840553,3.8657663,4.7241716,-1.0705261,1.0705261,2.1410522,-0.317597,1.1973724,1.5149695
boundary_96,8196941,-0.7495642,3.9503522,4.6999164,-0.9915202,0.9915202,1.9830405,-0.317597,1.0530928,1.3706899
boundary_97,10052877,-0.7790307,3.9161026,4.695133,-1.0131146,1.0131146,2.0262291,-0.317597,1.0837493,1.4013463
boundary_98,7582886,-0.88926023,3.8423805,4.731641,-0.94904983,0.94904983,1.8980997,-0.317597,1.2079444,1.5255414
boundary_99,8626062,-0.7253669,3.6790848,4.404452,-1.0524089,1.0524089,2.1048179,-0.317597,1.1416665,1.4592636
